ensemble id,NCBI Ref id,gene name,snoRNAbase pos,ensemble tx pos,NCBI tx pos,Called,comment
ENST00000607521,NR_145822.1,RNA28S5,1523,1536,1536,+,
ENST00000607521,NR_145822.1,RNA28S5,1569,1582,1582,+,
ENST00000607521,NR_145822.1,RNA28S5,1664,1677,1677,+,
ENST00000607521,NR_145822.1,RNA28S5,1670,1683,1683,+,
ENST00000607521,NR_145822.1,RNA28S5,1731,1744,1744,-,"Peaks observed, just misses threshold"
ENST00000607521,NR_145822.1,RNA28S5,1766,1779,1779,-,Shadowed by 3' Psi
ENST00000607521,NR_145822.1,RNA28S5,1769,1782,1782,-,"Peaks observed, just misses threshold"
ENST00000607521,NR_145822.1,RNA28S5,1779,1792,1792,+,
ENST00000607521,NR_145822.1,RNA28S5,1847,1860,1860,-,"Peaks observed, just misses threshold"
ENST00000607521,NR_145822.1,RNA28S5,1849,1862,1862,+,
ENST00000607521,NR_145822.1,RNA28S5,3616,3637,3634,+,
ENST00000607521,NR_145822.1,RNA28S5,3618,3639,3636,+,
ENST00000607521,NR_145822.1,RNA28S5,3694,3715,3712,+,
ENST00000607521,NR_145822.1,RNA28S5,3709,3730,3727,-,Shadowed by 3' Psi
ENST00000607521,NR_145822.1,RNA28S5,3713,3734,3731,-,Shadowed by 3' Psi
ENST00000607521,NR_145822.1,RNA28S5,3747,3768,3765,+,
ENST00000607521,NR_145822.1,RNA28S5,3749,3770,3767,+,
ENST00000607521,NR_145822.1,RNA28S5,3823,3844,3841,-,"Peaks observed, just misses threshold"
ENST00000607521,NR_145822.1,RNA28S5,3830,3851,3848,+,
ENST00000607521,NR_145822.1,RNA28S5,3832,3853,3850,+,
ENST00000607521,NR_145822.1,RNA28S5,3899,3920,3917,+,
ENST00000607521,NR_145822.1,RNA28S5,3938,3959,3956,+,
ENST00000607521,NR_145822.1,RNA28S5,4263,4293,4290,-,Shadowed by 3' Psi
ENST00000607521,NR_145822.1,RNA28S5,4266,4296,4293,-,Shadowed by 3' Psi
ENST00000607521,NR_145822.1,RNA28S5,4269,4299,4296,+,
ENST00000607521,NR_145822.1,RNA28S5,4282,4312,4309,+,
ENST00000607521,NR_145822.1,RNA28S5,4390,4420,4417,-,Shadowed by 3' Psi
ENST00000607521,NR_145822.1,RNA28S5,4393,4423,4420,-,Shadowed by 3' Psi
ENST00000607521,NR_145822.1,RNA28S5,4401,4431,4428,-,"Peaks observed, just misses threshold"
ENST00000607521,NR_145822.1,RNA28S5,4412,4442,4439,+,
ENST00000607521,NR_145822.1,RNA28S5,4427,4457,4454,+,
ENST00000607521,NR_145822.1,RNA28S5,4441,4471,4468,+,
ENST00000607521,NR_145822.1,RNA28S5,4470,4500,4497,-,
ENST00000607521,NR_145822.1,RNA28S5,4491,4521,4518,-,
ENST00000607521,NR_145822.1,RNA28S5,,4532,4529,+,"See 4531 in misannotated, also Extended data 10c"
ENST00000607521,NR_145822.1,RNA28S5,4522,4552,4549,-,
ENST00000607521,NR_145822.1,RNA28S5,4546,4576,4573,+,
ENST00000607521,NR_145822.1,RNA28S5,4549,4579,4576,+,
ENST00000607521,NR_145822.1,RNA28S5,4598,4628,4625,+,
ENST00000607521,NR_145822.1,RNA28S5,4606,4636,4633,-,
ENST00000607521,NR_145822.1,RNA28S5,4643,4673,4670,-,
ENST00000607521,NR_145822.1,RNA28S5,4659,4689,4686,+,
ENST00000607521,NR_145822.1,RNA28S5,4937,4972,4968,+,
ENST00000607521,NR_145822.1,RNA28S5,4975,5010,5006,+,
ENST00000606783,NR_145820.1,RNA18S5,34,34,34,+,
ENST00000606783,NR_145820.1,RNA18S5,36,36,36,+,
ENST00000606783,NR_145820.1,RNA18S5,93,93,93,-,Shadowed by 3' Psi
ENST00000606783,NR_145820.1,RNA18S5,105,105,105,-,Shadowed by 3' Psi
ENST00000606783,NR_145820.1,RNA18S5,109,109,109,+,
ENST00000606783,NR_145820.1,RNA18S5,119,119,119,+,
ENST00000606783,NR_145820.1,RNA18S5,210,210,210,+,
ENST00000606783,NR_145820.1,RNA18S5,218,218,218,+,
ENST00000606783,NR_145820.1,RNA18S5,406,406,406,+,
ENST00000606783,NR_145820.1,RNA18S5,572,572,572,+,
ENST00000606783,NR_145820.1,RNA18S5,609,609,609,+,
ENST00000606783,NR_145820.1,RNA18S5,649,649,649,-,Shadowed by 3' Psi
ENST00000606783,NR_145820.1,RNA18S5,651,651,651,-,"Peaks observed, just misses threshold"
ENST00000606783,NR_145820.1,RNA18S5,681,681,681,-,Shadowed by 3' Psi
ENST00000606783,NR_145820.1,RNA18S5,686,686,686,+,
ENST00000606783,NR_145820.1,RNA18S5,801,801,801,-,Shadowed by 3' Psi
ENST00000606783,NR_145820.1,RNA18S5,814,814,814,-,Shadowed by 3' Psi
ENST00000606783,NR_145820.1,RNA18S5,815,815,815,+,
ENST00000606783,NR_145820.1,RNA18S5,822,822,822,+,
ENST00000606783,NR_145820.1,RNA18S5,863,863,863,+,
ENST00000606783,NR_145820.1,RNA18S5,866,866,866,+,
ENST00000606783,NR_145820.1,RNA18S5,918,918,918,+,
ENST00000606783,NR_145820.1,RNA18S5,966,966,966,+,
ENST00000606783,NR_145820.1,RNA18S5,1004,1004,1004,+,
ENST00000606783,NR_145820.1,RNA18S5,1056,1056,1056,+,
ENST00000606783,NR_145820.1,RNA18S5,1081,1081,1081,+,
ENST00000606783,NR_145820.1,RNA18S5,1174,1174,1174,+,
ENST00000606783,NR_145820.1,RNA18S5,,1177,1177,+, See Extended data 10c. Ψ1178 referenced in Kiss et al. (2004) Mol. Cell. Biol.
ENST00000606783,NR_145820.1,RNA18S5,1238,1238,1238,-,
ENST00000606783,NR_145820.1,RNA18S5,1244,1244,1244,-,
ENST00000606783,NR_145820.1,RNA18S5,1445,1445,1445,+,
ENST00000606783,NR_145820.1,RNA18S5,1625,1625,1625,+,
ENST00000606783,NR_145820.1,RNA18S5,1643,1643,1643,+,
ENST00000606783,NR_145820.1,RNA18S5,1692,1692,1692,+,
ENST00000459522,NR_146153.1,RNA5-8S5,55,54,55,+,